{
  "timestamp": "2026-01-08T00:12:35.750804",
  "config": {
    "delay_range": [
      0,
      2
    ],
    "slippage_range": [
      1.0,
      5.0
    ],
    "partial_fill_range": [
      0.5,
      1.0
    ],
    "max_dd_threshold": 0.25
  },
  "symbols": {
    "SPY": {
      "total_simulations": 100,
      "survival_rate": 100.0,
      "avg_max_dd_pct": 5.464838442463646,
      "max_max_dd_pct": 11.171667424234842,
      "avg_pnl": 1031.8572409855797,
      "median_pnl": 159.38329485729628,
      "avg_exit_latency_bars": 1.14,
      "max_exit_latency_bars": 2
    },
    "GLD": {
      "total_simulations": 100,
      "survival_rate": 100.0,
      "avg_max_dd_pct": 5.404116560475351,
      "max_max_dd_pct": 10.506415987863821,
      "avg_pnl": 1373.461468023884,
      "median_pnl": 543.722158158278,
      "avg_exit_latency_bars": 0.97,
      "max_exit_latency_bars": 2
    },
    "TLT": {
      "total_simulations": 100,
      "survival_rate": 100.0,
      "avg_max_dd_pct": 5.568545233256811,
      "max_max_dd_pct": 14.70625901367218,
      "avg_pnl": 1437.5385710691285,
      "median_pnl": 966.5603370333047,
      "avg_exit_latency_bars": 0.83,
      "max_exit_latency_bars": 2
    }
  },
  "overall": {
    "total_simulations": 300,
    "survival_rate": 100.0,
    "avg_max_dd_pct": 5.479166745398603,
    "p95_max_dd_pct": 9.502735427390176,
    "avg_exit_latency_bars": 0.98,
    "exit_latency_p95": 2.0,
    "acceptance_criteria": {
      "survival_rate_target": 95.0,
      "survival_rate_met": true,
      "exit_latency_target": 2,
      "exit_latency_met": true
    }
  }
}