percentile,max_dd_pct
5,2.67048152901766
10,2.9162865560059075
25,3.726608089548305
50,5.088411187370382
75,7.077993196887739
90,8.497456340952283
95,9.502735427390176
99,11.1885664041721
