percentile,max_dd_pct
5,2.5066814082386824
10,2.977551228896563
25,3.782359172837426
50,5.073475022781238
75,6.7737499872186975
90,8.225961393422288
95,9.869862354087784
99,11.738191979053825
